-- Seed courses, tee sets, and hole data for Sandbagger Golf App
-- Part A: ACC School Home Courses
-- Part B: PGA Tour Venues

-- ============================================
-- HELPER: We'll use variables via CTEs
-- ============================================

-- 1. LONNIE POOLE GOLF COURSE (NC State)
INSERT INTO sb_courses (id, name, city, state, country, num_holes) VALUES
  ('a0000001-0000-0000-0000-000000000001', 'Lonnie Poole Golf Course', 'Raleigh', 'NC', 'US', 18);
INSERT INTO sb_tee_sets (id, course_id, color, name, total_yardage, total_par, rating, slope) VALUES
  ('b0000001-0001-0000-0000-000000000001', 'a0000001-0000-0000-0000-000000000001', 'Black', 'Competition', 7358, 72, 76.5, 148),
  ('b0000001-0002-0000-0000-000000000001', 'a0000001-0000-0000-0000-000000000001', 'Black', 'Black', 6916, 72, 74.5, 143),
  ('b0000001-0003-0000-0000-000000000001', 'a0000001-0000-0000-0000-000000000001', 'Red', 'Red', 6498, 72, 72.5, 138),
  ('b0000001-0004-0000-0000-000000000001', 'a0000001-0000-0000-0000-000000000001', 'White', 'Wolfpack', 6032, 72, 70.0, 131),
  ('b0000001-0005-0000-0000-000000000001', 'a0000001-0000-0000-0000-000000000001', 'Gold', 'Gray', 5464, 72, 67.5, 123),
  ('b0000001-0006-0000-0000-000000000001', 'a0000001-0000-0000-0000-000000000001', 'Green', 'Green', 4711, 72, 63.5, 112);
-- Lonnie Poole hole data (Competition tees - from website)
INSERT INTO sb_tee_holes (tee_set_id, hole_number, yardage, par, handicap_index) VALUES
  ('b0000001-0001-0000-0000-000000000001', 1, 578, 5, 11),
  ('b0000001-0001-0000-0000-000000000001', 2, 235, 3, 9),
  ('b0000001-0001-0000-0000-000000000001', 3, 552, 5, 1),
  ('b0000001-0001-0000-0000-000000000001', 4, 373, 4, 13),
  ('b0000001-0001-0000-0000-000000000001', 5, 462, 4, 5),
  ('b0000001-0001-0000-0000-000000000001', 6, 163, 3, 17),
  ('b0000001-0001-0000-0000-000000000001', 7, 589, 5, 7),
  ('b0000001-0001-0000-0000-000000000001', 8, 177, 3, 15),
  ('b0000001-0001-0000-0000-000000000001', 9, 490, 4, 3),
  ('b0000001-0001-0000-0000-000000000001', 10, 389, 4, 16),
  ('b0000001-0001-0000-0000-000000000001', 11, 665, 5, 2),
  ('b0000001-0001-0000-0000-000000000001', 12, 472, 4, 8),
  ('b0000001-0001-0000-0000-000000000001', 13, 448, 4, 10),
  ('b0000001-0001-0000-0000-000000000001', 14, 194, 3, 14),
  ('b0000001-0001-0000-0000-000000000001', 15, 549, 5, 6),
  ('b0000001-0001-0000-0000-000000000001', 16, 405, 4, 12),
  ('b0000001-0001-0000-0000-000000000001', 17, 135, 3, 18),
  ('b0000001-0001-0000-0000-000000000001', 18, 482, 4, 4);
-- Black tees
INSERT INTO sb_tee_holes (tee_set_id, hole_number, yardage, par, handicap_index) VALUES
  ('b0000001-0002-0000-0000-000000000001', 1, 542, 5, 11),
  ('b0000001-0002-0000-0000-000000000001', 2, 207, 3, 9),
  ('b0000001-0002-0000-0000-000000000001', 3, 526, 5, 1),
  ('b0000001-0002-0000-0000-000000000001', 4, 373, 4, 13),
  ('b0000001-0002-0000-0000-000000000001', 5, 459, 4, 5),
  ('b0000001-0002-0000-0000-000000000001', 6, 151, 3, 17),
  ('b0000001-0002-0000-0000-000000000001', 7, 554, 5, 7),
  ('b0000001-0002-0000-0000-000000000001', 8, 163, 3, 15),
  ('b0000001-0002-0000-0000-000000000001', 9, 439, 4, 3),
  ('b0000001-0002-0000-0000-000000000001', 10, 369, 4, 16),
  ('b0000001-0002-0000-0000-000000000001', 11, 631, 5, 2),
  ('b0000001-0002-0000-0000-000000000001', 12, 424, 4, 8),
  ('b0000001-0002-0000-0000-000000000001', 13, 410, 4, 10),
  ('b0000001-0002-0000-0000-000000000001', 14, 159, 3, 14),
  ('b0000001-0002-0000-0000-000000000001', 15, 549, 5, 6),
  ('b0000001-0002-0000-0000-000000000001', 16, 379, 4, 12),
  ('b0000001-0002-0000-0000-000000000001', 17, 118, 3, 18),
  ('b0000001-0002-0000-0000-000000000001', 18, 463, 4, 4);
-- Green tees
INSERT INTO sb_tee_holes (tee_set_id, hole_number, yardage, par, handicap_index) VALUES
  ('b0000001-0006-0000-0000-000000000001', 1, 400, 5, 11),
  ('b0000001-0006-0000-0000-000000000001', 2, 143, 3, 9),
  ('b0000001-0006-0000-0000-000000000001', 3, 327, 5, 1),
  ('b0000001-0006-0000-0000-000000000001', 4, 242, 4, 13),
  ('b0000001-0006-0000-0000-000000000001', 5, 271, 4, 5),
  ('b0000001-0006-0000-0000-000000000001', 6, 87, 3, 17),
  ('b0000001-0006-0000-0000-000000000001', 7, 400, 5, 7),
  ('b0000001-0006-0000-0000-000000000001', 8, 95, 3, 15),
  ('b0000001-0006-0000-0000-000000000001', 9, 286, 4, 3),
  ('b0000001-0006-0000-0000-000000000001', 10, 237, 4, 16),
  ('b0000001-0006-0000-0000-000000000001', 11, 477, 5, 2),
  ('b0000001-0006-0000-0000-000000000001', 12, 295, 4, 8),
  ('b0000001-0006-0000-0000-000000000001', 13, 303, 4, 10),
  ('b0000001-0006-0000-0000-000000000001', 14, 100, 3, 14),
  ('b0000001-0006-0000-0000-000000000001', 15, 399, 5, 6),
  ('b0000001-0006-0000-0000-000000000001', 16, 234, 4, 12),
  ('b0000001-0006-0000-0000-000000000001', 17, 92, 3, 18),
  ('b0000001-0006-0000-0000-000000000001', 18, 323, 4, 4);

-- 2. AUGUSTA NATIONAL GOLF CLUB
INSERT INTO sb_courses (id, name, city, state, country, num_holes) VALUES
  ('a0000002-0000-0000-0000-000000000001', 'Augusta National Golf Club', 'Augusta', 'GA', 'US', 18);
INSERT INTO sb_tee_sets (id, course_id, color, name, total_yardage, total_par, rating, slope) VALUES
  ('b0000002-0001-0000-0000-000000000001', 'a0000002-0000-0000-0000-000000000001', 'Black', 'Championship', 7545, 72, 78.1, 148),
  ('b0000002-0002-0000-0000-000000000001', 'a0000002-0000-0000-0000-000000000001', 'Blue', 'Members', 6985, 72, 74.6, 140),
  ('b0000002-0003-0000-0000-000000000001', 'a0000002-0000-0000-0000-000000000001', 'White', 'White', 6365, 72, 71.5, 132);
INSERT INTO sb_tee_holes (tee_set_id, hole_number, yardage, par, handicap_index) VALUES
  ('b0000002-0001-0000-0000-000000000001', 1, 445, 4, 7),
  ('b0000002-0001-0000-0000-000000000001', 2, 575, 5, 13),
  ('b0000002-0001-0000-0000-000000000001', 3, 350, 4, 9),
  ('b0000002-0001-0000-0000-000000000001', 4, 240, 3, 15),
  ('b0000002-0001-0000-0000-000000000001', 5, 495, 4, 1),
  ('b0000002-0001-0000-0000-000000000001', 6, 180, 3, 17),
  ('b0000002-0001-0000-0000-000000000001', 7, 450, 4, 5),
  ('b0000002-0001-0000-0000-000000000001', 8, 570, 5, 3),
  ('b0000002-0001-0000-0000-000000000001', 9, 460, 4, 11),
  ('b0000002-0001-0000-0000-000000000001', 10, 495, 4, 2),
  ('b0000002-0001-0000-0000-000000000001', 11, 520, 4, 4),
  ('b0000002-0001-0000-0000-000000000001', 12, 155, 3, 18),
  ('b0000002-0001-0000-0000-000000000001', 13, 510, 5, 14),
  ('b0000002-0001-0000-0000-000000000001', 14, 440, 4, 10),
  ('b0000002-0001-0000-0000-000000000001', 15, 550, 5, 16),
  ('b0000002-0001-0000-0000-000000000001', 16, 170, 3, 12),
  ('b0000002-0001-0000-0000-000000000001', 17, 440, 4, 6),
  ('b0000002-0001-0000-0000-000000000001', 18, 465, 4, 8);

-- 3. TPC SAWGRASS (PLAYERS STADIUM)
INSERT INTO sb_courses (id, name, city, state, country, num_holes) VALUES
  ('a0000003-0000-0000-0000-000000000001', 'TPC Sawgrass - Stadium Course', 'Ponte Vedra Beach', 'FL', 'US', 18);
INSERT INTO sb_tee_sets (id, course_id, color, name, total_yardage, total_par, rating, slope) VALUES
  ('b0000003-0001-0000-0000-000000000001', 'a0000003-0000-0000-0000-000000000001', 'Black', 'Tournament', 7245, 72, 76.8, 155),
  ('b0000003-0002-0000-0000-000000000001', 'a0000003-0000-0000-0000-000000000001', 'Blue', 'Blue', 6867, 72, 74.3, 147),
  ('b0000003-0003-0000-0000-000000000001', 'a0000003-0000-0000-0000-000000000001', 'White', 'White', 6394, 72, 71.7, 139),
  ('b0000003-0004-0000-0000-000000000001', 'a0000003-0000-0000-0000-000000000001', 'Gold', 'Gold', 5849, 72, 68.9, 128),
  ('b0000003-0005-0000-0000-000000000001', 'a0000003-0000-0000-0000-000000000001', 'Red', 'Red', 5126, 72, 70.7, 130);
INSERT INTO sb_tee_holes (tee_set_id, hole_number, yardage, par, handicap_index) VALUES
  ('b0000003-0001-0000-0000-000000000001', 1, 423, 4, 9),
  ('b0000003-0001-0000-0000-000000000001', 2, 532, 5, 13),
  ('b0000003-0001-0000-0000-000000000001', 3, 177, 3, 15),
  ('b0000003-0001-0000-0000-000000000001', 4, 384, 4, 5),
  ('b0000003-0001-0000-0000-000000000001', 5, 466, 4, 1),
  ('b0000003-0001-0000-0000-000000000001', 6, 393, 4, 7),
  ('b0000003-0001-0000-0000-000000000001', 7, 442, 4, 3),
  ('b0000003-0001-0000-0000-000000000001', 8, 219, 3, 17),
  ('b0000003-0001-0000-0000-000000000001', 9, 583, 5, 11),
  ('b0000003-0001-0000-0000-000000000001', 10, 424, 4, 6),
  ('b0000003-0001-0000-0000-000000000001', 11, 558, 5, 10),
  ('b0000003-0001-0000-0000-000000000001', 12, 358, 4, 14),
  ('b0000003-0001-0000-0000-000000000001', 13, 181, 3, 16),
  ('b0000003-0001-0000-0000-000000000001', 14, 467, 4, 2),
  ('b0000003-0001-0000-0000-000000000001', 15, 449, 4, 4),
  ('b0000003-0001-0000-0000-000000000001', 16, 507, 5, 12),
  ('b0000003-0001-0000-0000-000000000001', 17, 137, 3, 18),
  ('b0000003-0001-0000-0000-000000000001', 18, 462, 4, 8);

-- 4. PEBBLE BEACH GOLF LINKS
INSERT INTO sb_courses (id, name, city, state, country, num_holes) VALUES
  ('a0000004-0000-0000-0000-000000000001', 'Pebble Beach Golf Links', 'Pebble Beach', 'CA', 'US', 18);
INSERT INTO sb_tee_sets (id, course_id, color, name, total_yardage, total_par, rating, slope) VALUES
  ('b0000004-0001-0000-0000-000000000001', 'a0000004-0000-0000-0000-000000000001', 'Black', 'Championship', 7075, 72, 75.5, 145),
  ('b0000004-0002-0000-0000-000000000001', 'a0000004-0000-0000-0000-000000000001', 'Blue', 'Blue', 6828, 72, 74.1, 141),
  ('b0000004-0003-0000-0000-000000000001', 'a0000004-0000-0000-0000-000000000001', 'White', 'White', 6281, 72, 71.2, 133),
  ('b0000004-0004-0000-0000-000000000001', 'a0000004-0000-0000-0000-000000000001', 'Red', 'Red', 5421, 72, 72.1, 131);
INSERT INTO sb_tee_holes (tee_set_id, hole_number, yardage, par, handicap_index) VALUES
  ('b0000004-0001-0000-0000-000000000001', 1, 381, 4, 8),
  ('b0000004-0001-0000-0000-000000000001', 2, 502, 5, 12),
  ('b0000004-0001-0000-0000-000000000001', 3, 404, 4, 14),
  ('b0000004-0001-0000-0000-000000000001', 4, 331, 4, 16),
  ('b0000004-0001-0000-0000-000000000001', 5, 195, 3, 18),
  ('b0000004-0001-0000-0000-000000000001', 6, 523, 5, 2),
  ('b0000004-0001-0000-0000-000000000001', 7, 106, 3, 10),
  ('b0000004-0001-0000-0000-000000000001', 8, 428, 4, 4),
  ('b0000004-0001-0000-0000-000000000001', 9, 505, 4, 6),
  ('b0000004-0001-0000-0000-000000000001', 10, 495, 4, 1),
  ('b0000004-0001-0000-0000-000000000001', 11, 390, 4, 9),
  ('b0000004-0001-0000-0000-000000000001', 12, 202, 3, 17),
  ('b0000004-0001-0000-0000-000000000001', 13, 445, 4, 3),
  ('b0000004-0001-0000-0000-000000000001', 14, 580, 5, 7),
  ('b0000004-0001-0000-0000-000000000001', 15, 397, 4, 5),
  ('b0000004-0001-0000-0000-000000000001', 16, 403, 4, 13),
  ('b0000004-0001-0000-0000-000000000001', 17, 178, 3, 15),
  ('b0000004-0001-0000-0000-000000000001', 18, 543, 5, 11);

-- 5. TORREY PINES SOUTH
INSERT INTO sb_courses (id, name, city, state, country, num_holes) VALUES
  ('a0000005-0000-0000-0000-000000000001', 'Torrey Pines Golf Course - South', 'La Jolla', 'CA', 'US', 18);
INSERT INTO sb_tee_sets (id, course_id, color, name, total_yardage, total_par, rating, slope) VALUES
  ('b0000005-0001-0000-0000-000000000001', 'a0000005-0000-0000-0000-000000000001', 'Black', 'Championship', 7698, 72, 78.3, 143),
  ('b0000005-0002-0000-0000-000000000001', 'a0000005-0000-0000-0000-000000000001', 'Blue', 'Blue', 7095, 72, 75.2, 139),
  ('b0000005-0003-0000-0000-000000000001', 'a0000005-0000-0000-0000-000000000001', 'White', 'White', 6615, 72, 72.3, 132),
  ('b0000005-0004-0000-0000-000000000001', 'a0000005-0000-0000-0000-000000000001', 'Red', 'Red', 5731, 72, 73.4, 133);
INSERT INTO sb_tee_holes (tee_set_id, hole_number, yardage, par, handicap_index) VALUES
  ('b0000005-0001-0000-0000-000000000001', 1, 452, 4, 9),
  ('b0000005-0001-0000-0000-000000000001', 2, 389, 4, 15),
  ('b0000005-0001-0000-0000-000000000001', 3, 200, 3, 11),
  ('b0000005-0001-0000-0000-000000000001', 4, 487, 4, 3),
  ('b0000005-0001-0000-0000-000000000001', 5, 453, 4, 7),
  ('b0000005-0001-0000-0000-000000000001', 6, 515, 5, 17),
  ('b0000005-0001-0000-0000-000000000001', 7, 464, 4, 5),
  ('b0000005-0001-0000-0000-000000000001', 8, 178, 3, 13),
  ('b0000005-0001-0000-0000-000000000001', 9, 612, 5, 1),
  ('b0000005-0001-0000-0000-000000000001', 10, 469, 4, 4),
  ('b0000005-0001-0000-0000-000000000001', 11, 219, 3, 16),
  ('b0000005-0001-0000-0000-000000000001', 12, 504, 4, 2),
  ('b0000005-0001-0000-0000-000000000001', 13, 614, 5, 14),
  ('b0000005-0001-0000-0000-000000000001', 14, 435, 4, 10),
  ('b0000005-0001-0000-0000-000000000001', 15, 427, 4, 12),
  ('b0000005-0001-0000-0000-000000000001', 16, 227, 3, 18),
  ('b0000005-0001-0000-0000-000000000001', 17, 443, 4, 6),
  ('b0000005-0001-0000-0000-000000000001', 18, 571, 5, 8);

-- 6. BAY HILL CLUB & LODGE
INSERT INTO sb_courses (id, name, city, state, country, num_holes) VALUES
  ('a0000006-0000-0000-0000-000000000001', 'Bay Hill Club & Lodge', 'Orlando', 'FL', 'US', 18);
INSERT INTO sb_tee_sets (id, course_id, color, name, total_yardage, total_par, rating, slope) VALUES
  ('b0000006-0001-0000-0000-000000000001', 'a0000006-0000-0000-0000-000000000001', 'Black', 'Championship', 7454, 72, 76.3, 141),
  ('b0000006-0002-0000-0000-000000000001', 'a0000006-0000-0000-0000-000000000001', 'Blue', 'Blue', 6960, 72, 74.0, 137),
  ('b0000006-0003-0000-0000-000000000001', 'a0000006-0000-0000-0000-000000000001', 'White', 'White', 6456, 72, 71.5, 131);
INSERT INTO sb_tee_holes (tee_set_id, hole_number, yardage, par, handicap_index) VALUES
  ('b0000006-0001-0000-0000-000000000001', 1, 441, 4, 9),
  ('b0000006-0001-0000-0000-000000000001', 2, 218, 3, 13),
  ('b0000006-0001-0000-0000-000000000001', 3, 398, 4, 11),
  ('b0000006-0001-0000-0000-000000000001', 4, 590, 5, 5),
  ('b0000006-0001-0000-0000-000000000001', 5, 384, 4, 15),
  ('b0000006-0001-0000-0000-000000000001', 6, 558, 5, 1),
  ('b0000006-0001-0000-0000-000000000001', 7, 196, 3, 17),
  ('b0000006-0001-0000-0000-000000000001', 8, 458, 4, 3),
  ('b0000006-0001-0000-0000-000000000001', 9, 467, 4, 7),
  ('b0000006-0001-0000-0000-000000000001', 10, 400, 4, 10),
  ('b0000006-0001-0000-0000-000000000001', 11, 438, 4, 6),
  ('b0000006-0001-0000-0000-000000000001', 12, 555, 5, 2),
  ('b0000006-0001-0000-0000-000000000001', 13, 374, 4, 14),
  ('b0000006-0001-0000-0000-000000000001', 14, 210, 3, 16),
  ('b0000006-0001-0000-0000-000000000001', 15, 434, 4, 12),
  ('b0000006-0001-0000-0000-000000000001', 16, 507, 5, 4),
  ('b0000006-0001-0000-0000-000000000001', 17, 221, 3, 18),
  ('b0000006-0001-0000-0000-000000000001', 18, 458, 4, 8);

-- 7. TPC SCOTTSDALE (Stadium)
INSERT INTO sb_courses (id, name, city, state, country, num_holes) VALUES
  ('a0000007-0000-0000-0000-000000000001', 'TPC Scottsdale - Stadium Course', 'Scottsdale', 'AZ', 'US', 18);
INSERT INTO sb_tee_sets (id, course_id, color, name, total_yardage, total_par, rating, slope) VALUES
  ('b0000007-0001-0000-0000-000000000001', 'a0000007-0000-0000-0000-000000000001', 'Black', 'Championship', 7261, 71, 74.8, 133),
  ('b0000007-0002-0000-0000-000000000001', 'a0000007-0000-0000-0000-000000000001', 'Blue', 'Blue', 6759, 71, 72.3, 128),
  ('b0000007-0003-0000-0000-000000000001', 'a0000007-0000-0000-0000-000000000001', 'White', 'White', 6291, 71, 69.8, 122),
  ('b0000007-0004-0000-0000-000000000001', 'a0000007-0000-0000-0000-000000000001', 'Red', 'Red', 5427, 71, 71.0, 124);
INSERT INTO sb_tee_holes (tee_set_id, hole_number, yardage, par, handicap_index) VALUES
  ('b0000007-0001-0000-0000-000000000001', 1, 503, 5, 11),
  ('b0000007-0001-0000-0000-000000000001', 2, 414, 4, 7),
  ('b0000007-0001-0000-0000-000000000001', 3, 334, 4, 15),
  ('b0000007-0001-0000-0000-000000000001', 4, 450, 4, 3),
  ('b0000007-0001-0000-0000-000000000001', 5, 453, 4, 5),
  ('b0000007-0001-0000-0000-000000000001', 6, 389, 4, 13),
  ('b0000007-0001-0000-0000-000000000001', 7, 215, 3, 17),
  ('b0000007-0001-0000-0000-000000000001', 8, 471, 4, 1),
  ('b0000007-0001-0000-0000-000000000001', 9, 414, 4, 9),
  ('b0000007-0001-0000-0000-000000000001', 10, 408, 4, 10),
  ('b0000007-0001-0000-0000-000000000001', 11, 469, 4, 2),
  ('b0000007-0001-0000-0000-000000000001', 12, 187, 3, 16),
  ('b0000007-0001-0000-0000-000000000001', 13, 577, 5, 4),
  ('b0000007-0001-0000-0000-000000000001', 14, 358, 4, 14),
  ('b0000007-0001-0000-0000-000000000001', 15, 501, 5, 6),
  ('b0000007-0001-0000-0000-000000000001', 16, 162, 3, 18),
  ('b0000007-0001-0000-0000-000000000001', 17, 332, 4, 12),
  ('b0000007-0001-0000-0000-000000000001', 18, 442, 4, 8);

-- 8. RIVIERA COUNTRY CLUB
INSERT INTO sb_courses (id, name, city, state, country, num_holes) VALUES
  ('a0000008-0000-0000-0000-000000000001', 'Riviera Country Club', 'Pacific Palisades', 'CA', 'US', 18);
INSERT INTO sb_tee_sets (id, course_id, color, name, total_yardage, total_par, rating, slope) VALUES
  ('b0000008-0001-0000-0000-000000000001', 'a0000008-0000-0000-0000-000000000001', 'Black', 'Championship', 7322, 71, 75.6, 148),
  ('b0000008-0002-0000-0000-000000000001', 'a0000008-0000-0000-0000-000000000001', 'Blue', 'Blue', 6850, 71, 73.2, 142),
  ('b0000008-0003-0000-0000-000000000001', 'a0000008-0000-0000-0000-000000000001', 'White', 'White', 6386, 71, 71.0, 136);
INSERT INTO sb_tee_holes (tee_set_id, hole_number, yardage, par, handicap_index) VALUES
  ('b0000008-0001-0000-0000-000000000001', 1, 503, 5, 11),
  ('b0000008-0001-0000-0000-000000000001', 2, 468, 4, 3),
  ('b0000008-0001-0000-0000-000000000001', 3, 434, 4, 7),
  ('b0000008-0001-0000-0000-000000000001', 4, 236, 3, 15),
  ('b0000008-0001-0000-0000-000000000001', 5, 434, 4, 9),
  ('b0000008-0001-0000-0000-000000000001', 6, 175, 3, 17),
  ('b0000008-0001-0000-0000-000000000001', 7, 408, 4, 5),
  ('b0000008-0001-0000-0000-000000000001', 8, 433, 4, 1),
  ('b0000008-0001-0000-0000-000000000001', 9, 475, 4, 13),
  ('b0000008-0001-0000-0000-000000000001', 10, 315, 4, 14),
  ('b0000008-0001-0000-0000-000000000001', 11, 564, 5, 4),
  ('b0000008-0001-0000-0000-000000000001', 12, 479, 4, 2),
  ('b0000008-0001-0000-0000-000000000001', 13, 459, 4, 6),
  ('b0000008-0001-0000-0000-000000000001', 14, 177, 3, 16),
  ('b0000008-0001-0000-0000-000000000001', 15, 487, 4, 8),
  ('b0000008-0001-0000-0000-000000000001', 16, 166, 3, 18),
  ('b0000008-0001-0000-0000-000000000001', 17, 590, 5, 10),
  ('b0000008-0001-0000-0000-000000000001', 18, 476, 4, 12);

-- 9. EAST LAKE GOLF CLUB
INSERT INTO sb_courses (id, name, city, state, country, num_holes) VALUES
  ('a0000009-0000-0000-0000-000000000001', 'East Lake Golf Club', 'Atlanta', 'GA', 'US', 18);
INSERT INTO sb_tee_sets (id, course_id, color, name, total_yardage, total_par, rating, slope) VALUES
  ('b0000009-0001-0000-0000-000000000001', 'a0000009-0000-0000-0000-000000000001', 'Black', 'Championship', 7346, 72, 76.0, 143),
  ('b0000009-0002-0000-0000-000000000001', 'a0000009-0000-0000-0000-000000000001', 'Blue', 'Blue', 6886, 72, 73.5, 137),
  ('b0000009-0003-0000-0000-000000000001', 'a0000009-0000-0000-0000-000000000001', 'White', 'White', 6398, 72, 71.2, 131);
INSERT INTO sb_tee_holes (tee_set_id, hole_number, yardage, par, handicap_index) VALUES
  ('b0000009-0001-0000-0000-000000000001', 1, 422, 4, 7),
  ('b0000009-0001-0000-0000-000000000001', 2, 215, 3, 15),
  ('b0000009-0001-0000-0000-000000000001', 3, 401, 4, 9),
  ('b0000009-0001-0000-0000-000000000001', 4, 451, 4, 3),
  ('b0000009-0001-0000-0000-000000000001', 5, 515, 5, 13),
  ('b0000009-0001-0000-0000-000000000001', 6, 184, 3, 17),
  ('b0000009-0001-0000-0000-000000000001', 7, 470, 4, 1),
  ('b0000009-0001-0000-0000-000000000001', 8, 430, 4, 5),
  ('b0000009-0001-0000-0000-000000000001', 9, 589, 5, 11),
  ('b0000009-0001-0000-0000-000000000001', 10, 490, 4, 2),
  ('b0000009-0001-0000-0000-000000000001', 11, 429, 4, 8),
  ('b0000009-0001-0000-0000-000000000001', 12, 381, 4, 14),
  ('b0000009-0001-0000-0000-000000000001', 13, 503, 5, 10),
  ('b0000009-0001-0000-0000-000000000001', 14, 462, 4, 4),
  ('b0000009-0001-0000-0000-000000000001', 15, 195, 3, 16),
  ('b0000009-0001-0000-0000-000000000001', 16, 501, 4, 6),
  ('b0000009-0001-0000-0000-000000000001', 17, 456, 4, 12),
  ('b0000009-0001-0000-0000-000000000001', 18, 231, 3, 18);

-- 10. HARBOUR TOWN GOLF LINKS
INSERT INTO sb_courses (id, name, city, state, country, num_holes) VALUES
  ('a0000010-0000-0000-0000-000000000001', 'Harbour Town Golf Links', 'Hilton Head Island', 'SC', 'US', 18);
INSERT INTO sb_tee_sets (id, course_id, color, name, total_yardage, total_par, rating, slope) VALUES
  ('b0000010-0001-0000-0000-000000000001', 'a0000010-0000-0000-0000-000000000001', 'Black', 'Heron Point', 7099, 71, 74.3, 146),
  ('b0000010-0002-0000-0000-000000000001', 'a0000010-0000-0000-0000-000000000001', 'Blue', 'Blue', 6675, 71, 72.2, 139),
  ('b0000010-0003-0000-0000-000000000001', 'a0000010-0000-0000-0000-000000000001', 'White', 'White', 6195, 71, 69.8, 131),
  ('b0000010-0004-0000-0000-000000000001', 'a0000010-0000-0000-0000-000000000001', 'Red', 'Red', 5361, 71, 70.8, 128);
INSERT INTO sb_tee_holes (tee_set_id, hole_number, yardage, par, handicap_index) VALUES
  ('b0000010-0001-0000-0000-000000000001', 1, 410, 4, 7),
  ('b0000010-0001-0000-0000-000000000001', 2, 502, 5, 11),
  ('b0000010-0001-0000-0000-000000000001', 3, 437, 4, 3),
  ('b0000010-0001-0000-0000-000000000001', 4, 200, 3, 13),
  ('b0000010-0001-0000-0000-000000000001', 5, 530, 5, 1),
  ('b0000010-0001-0000-0000-000000000001', 6, 419, 4, 9),
  ('b0000010-0001-0000-0000-000000000001', 7, 186, 3, 17),
  ('b0000010-0001-0000-0000-000000000001', 8, 472, 4, 5),
  ('b0000010-0001-0000-0000-000000000001', 9, 332, 4, 15),
  ('b0000010-0001-0000-0000-000000000001', 10, 444, 4, 4),
  ('b0000010-0001-0000-0000-000000000001', 11, 436, 4, 6),
  ('b0000010-0001-0000-0000-000000000001', 12, 430, 4, 8),
  ('b0000010-0001-0000-0000-000000000001', 13, 378, 4, 12),
  ('b0000010-0001-0000-0000-000000000001', 14, 192, 3, 16),
  ('b0000010-0001-0000-0000-000000000001', 15, 571, 5, 2),
  ('b0000010-0001-0000-0000-000000000001', 16, 376, 4, 14),
  ('b0000010-0001-0000-0000-000000000001', 17, 185, 3, 18),
  ('b0000010-0001-0000-0000-000000000001', 18, 472, 4, 10);

-- 11. MUIRFIELD VILLAGE GOLF CLUB
INSERT INTO sb_courses (id, name, city, state, country, num_holes) VALUES
  ('a0000011-0000-0000-0000-000000000001', 'Muirfield Village Golf Club', 'Dublin', 'OH', 'US', 18);
INSERT INTO sb_tee_sets (id, course_id, color, name, total_yardage, total_par, rating, slope) VALUES
  ('b0000011-0001-0000-0000-000000000001', 'a0000011-0000-0000-0000-000000000001', 'Black', 'Championship', 7533, 72, 77.3, 149),
  ('b0000011-0002-0000-0000-000000000001', 'a0000011-0000-0000-0000-000000000001', 'Blue', 'Blue', 7015, 72, 74.5, 142),
  ('b0000011-0003-0000-0000-000000000001', 'a0000011-0000-0000-0000-000000000001', 'White', 'White', 6495, 72, 71.8, 135);
INSERT INTO sb_tee_holes (tee_set_id, hole_number, yardage, par, handicap_index) VALUES
  ('b0000011-0001-0000-0000-000000000001', 1, 473, 4, 3),
  ('b0000011-0001-0000-0000-000000000001', 2, 455, 4, 7),
  ('b0000011-0001-0000-0000-000000000001', 3, 401, 4, 11),
  ('b0000011-0001-0000-0000-000000000001', 4, 202, 3, 15),
  ('b0000011-0001-0000-0000-000000000001', 5, 531, 5, 9),
  ('b0000011-0001-0000-0000-000000000001', 6, 447, 4, 5),
  ('b0000011-0001-0000-0000-000000000001', 7, 566, 5, 1),
  ('b0000011-0001-0000-0000-000000000001', 8, 187, 3, 17),
  ('b0000011-0001-0000-0000-000000000001', 9, 412, 4, 13),
  ('b0000011-0001-0000-0000-000000000001', 10, 441, 4, 6),
  ('b0000011-0001-0000-0000-000000000001', 11, 567, 5, 4),
  ('b0000011-0001-0000-0000-000000000001', 12, 184, 3, 16),
  ('b0000011-0001-0000-0000-000000000001', 13, 455, 4, 8),
  ('b0000011-0001-0000-0000-000000000001', 14, 363, 4, 14),
  ('b0000011-0001-0000-0000-000000000001', 15, 500, 5, 2),
  ('b0000011-0001-0000-0000-000000000001', 16, 216, 3, 18),
  ('b0000011-0001-0000-0000-000000000001', 17, 478, 4, 10),
  ('b0000011-0001-0000-0000-000000000001', 18, 442, 4, 12);

-- 12. COLONIAL COUNTRY CLUB
INSERT INTO sb_courses (id, name, city, state, country, num_holes) VALUES
  ('a0000012-0000-0000-0000-000000000001', 'Colonial Country Club', 'Fort Worth', 'TX', 'US', 18);
INSERT INTO sb_tee_sets (id, course_id, color, name, total_yardage, total_par, rating, slope) VALUES
  ('b0000012-0001-0000-0000-000000000001', 'a0000012-0000-0000-0000-000000000001', 'Black', 'Championship', 7209, 70, 75.0, 136),
  ('b0000012-0002-0000-0000-000000000001', 'a0000012-0000-0000-0000-000000000001', 'Blue', 'Blue', 6750, 70, 72.8, 131),
  ('b0000012-0003-0000-0000-000000000001', 'a0000012-0000-0000-0000-000000000001', 'White', 'White', 6250, 70, 70.5, 126);
INSERT INTO sb_tee_holes (tee_set_id, hole_number, yardage, par, handicap_index) VALUES
  ('b0000012-0001-0000-0000-000000000001', 1, 565, 5, 11),
  ('b0000012-0001-0000-0000-000000000001', 2, 405, 4, 7),
  ('b0000012-0001-0000-0000-000000000001', 3, 476, 4, 1),
  ('b0000012-0001-0000-0000-000000000001', 4, 246, 3, 13),
  ('b0000012-0001-0000-0000-000000000001', 5, 470, 4, 3),
  ('b0000012-0001-0000-0000-000000000001', 6, 396, 4, 9),
  ('b0000012-0001-0000-0000-000000000001', 7, 436, 4, 5),
  ('b0000012-0001-0000-0000-000000000001', 8, 193, 3, 15),
  ('b0000012-0001-0000-0000-000000000001', 9, 405, 4, 17),
  ('b0000012-0001-0000-0000-000000000001', 10, 406, 4, 8),
  ('b0000012-0001-0000-0000-000000000001', 11, 609, 5, 2),
  ('b0000012-0001-0000-0000-000000000001', 12, 433, 4, 6),
  ('b0000012-0001-0000-0000-000000000001', 13, 178, 3, 16),
  ('b0000012-0001-0000-0000-000000000001', 14, 432, 4, 4),
  ('b0000012-0001-0000-0000-000000000001', 15, 430, 4, 10),
  ('b0000012-0001-0000-0000-000000000001', 16, 188, 3, 18),
  ('b0000012-0001-0000-0000-000000000001', 17, 383, 4, 14),
  ('b0000012-0001-0000-0000-000000000001', 18, 427, 4, 12);

-- 13. TPC RIVER HIGHLANDS
INSERT INTO sb_courses (id, name, city, state, country, num_holes) VALUES
  ('a0000013-0000-0000-0000-000000000001', 'TPC River Highlands', 'Cromwell', 'CT', 'US', 18);
INSERT INTO sb_tee_sets (id, course_id, color, name, total_yardage, total_par, rating, slope) VALUES
  ('b0000013-0001-0000-0000-000000000001', 'a0000013-0000-0000-0000-000000000001', 'Black', 'Championship', 6841, 70, 73.4, 133),
  ('b0000013-0002-0000-0000-000000000001', 'a0000013-0000-0000-0000-000000000001', 'Blue', 'Blue', 6401, 70, 71.2, 128),
  ('b0000013-0003-0000-0000-000000000001', 'a0000013-0000-0000-0000-000000000001', 'White', 'White', 6000, 70, 69.1, 123);
INSERT INTO sb_tee_holes (tee_set_id, hole_number, yardage, par, handicap_index) VALUES
  ('b0000013-0001-0000-0000-000000000001', 1, 434, 4, 7),
  ('b0000013-0001-0000-0000-000000000001', 2, 411, 4, 3),
  ('b0000013-0001-0000-0000-000000000001', 3, 388, 4, 11),
  ('b0000013-0001-0000-0000-000000000001', 4, 177, 3, 13),
  ('b0000013-0001-0000-0000-000000000001', 5, 418, 4, 5),
  ('b0000013-0001-0000-0000-000000000001', 6, 176, 3, 15),
  ('b0000013-0001-0000-0000-000000000001', 7, 404, 4, 9),
  ('b0000013-0001-0000-0000-000000000001', 8, 483, 4, 1),
  ('b0000013-0001-0000-0000-000000000001', 9, 262, 3, 17),
  ('b0000013-0001-0000-0000-000000000001', 10, 437, 4, 2),
  ('b0000013-0001-0000-0000-000000000001', 11, 385, 4, 10),
  ('b0000013-0001-0000-0000-000000000001', 12, 460, 4, 4),
  ('b0000013-0001-0000-0000-000000000001', 13, 371, 4, 14),
  ('b0000013-0001-0000-0000-000000000001', 14, 183, 3, 16),
  ('b0000013-0001-0000-0000-000000000001', 15, 296, 4, 18),
  ('b0000013-0001-0000-0000-000000000001', 16, 383, 4, 8),
  ('b0000013-0001-0000-0000-000000000001', 17, 390, 4, 6),
  ('b0000013-0001-0000-0000-000000000001', 18, 540, 4, 12);

-- 14. TPC SOUTHWIND
INSERT INTO sb_courses (id, name, city, state, country, num_holes) VALUES
  ('a0000014-0000-0000-0000-000000000001', 'TPC Southwind', 'Memphis', 'TN', 'US', 18);
INSERT INTO sb_tee_sets (id, course_id, color, name, total_yardage, total_par, rating, slope) VALUES
  ('b0000014-0001-0000-0000-000000000001', 'a0000014-0000-0000-0000-000000000001', 'Black', 'Championship', 7244, 70, 75.4, 139),
  ('b0000014-0002-0000-0000-000000000001', 'a0000014-0000-0000-0000-000000000001', 'Blue', 'Blue', 6790, 70, 73.2, 134),
  ('b0000014-0003-0000-0000-000000000001', 'a0000014-0000-0000-0000-000000000001', 'White', 'White', 6307, 70, 70.8, 128);
INSERT INTO sb_tee_holes (tee_set_id, hole_number, yardage, par, handicap_index) VALUES
  ('b0000014-0001-0000-0000-000000000001', 1, 454, 4, 5),
  ('b0000014-0001-0000-0000-000000000001', 2, 456, 4, 3),
  ('b0000014-0001-0000-0000-000000000001', 3, 192, 3, 13),
  ('b0000014-0001-0000-0000-000000000001', 4, 459, 4, 7),
  ('b0000014-0001-0000-0000-000000000001', 5, 516, 5, 1),
  ('b0000014-0001-0000-0000-000000000001', 6, 398, 4, 11),
  ('b0000014-0001-0000-0000-000000000001', 7, 198, 3, 17),
  ('b0000014-0001-0000-0000-000000000001', 8, 462, 4, 9),
  ('b0000014-0001-0000-0000-000000000001', 9, 363, 4, 15),
  ('b0000014-0001-0000-0000-000000000001', 10, 399, 4, 6),
  ('b0000014-0001-0000-0000-000000000001', 11, 179, 3, 16),
  ('b0000014-0001-0000-0000-000000000001', 12, 450, 4, 2),
  ('b0000014-0001-0000-0000-000000000001', 13, 353, 4, 14),
  ('b0000014-0001-0000-0000-000000000001', 14, 236, 3, 18),
  ('b0000014-0001-0000-0000-000000000001', 15, 422, 4, 8),
  ('b0000014-0001-0000-0000-000000000001', 16, 546, 5, 4),
  ('b0000014-0001-0000-0000-000000000001', 17, 460, 4, 10),
  ('b0000014-0001-0000-0000-000000000001', 18, 475, 4, 12);

-- 15. QUAIL HOLLOW CLUB
INSERT INTO sb_courses (id, name, city, state, country, num_holes) VALUES
  ('a0000015-0000-0000-0000-000000000001', 'Quail Hollow Club', 'Charlotte', 'NC', 'US', 18);
INSERT INTO sb_tee_sets (id, course_id, color, name, total_yardage, total_par, rating, slope) VALUES
  ('b0000015-0001-0000-0000-000000000001', 'a0000015-0000-0000-0000-000000000001', 'Black', 'Championship', 7554, 71, 76.9, 145),
  ('b0000015-0002-0000-0000-000000000001', 'a0000015-0000-0000-0000-000000000001', 'Blue', 'Blue', 7086, 71, 74.5, 139),
  ('b0000015-0003-0000-0000-000000000001', 'a0000015-0000-0000-0000-000000000001', 'White', 'White', 6559, 71, 72.0, 133);
INSERT INTO sb_tee_holes (tee_set_id, hole_number, yardage, par, handicap_index) VALUES
  ('b0000015-0001-0000-0000-000000000001', 1, 373, 4, 13),
  ('b0000015-0001-0000-0000-000000000001', 2, 581, 5, 5),
  ('b0000015-0001-0000-0000-000000000001', 3, 197, 3, 15),
  ('b0000015-0001-0000-0000-000000000001', 4, 423, 4, 9),
  ('b0000015-0001-0000-0000-000000000001', 5, 568, 5, 1),
  ('b0000015-0001-0000-0000-000000000001', 6, 459, 4, 7),
  ('b0000015-0001-0000-0000-000000000001', 7, 543, 5, 3),
  ('b0000015-0001-0000-0000-000000000001', 8, 200, 3, 17),
  ('b0000015-0001-0000-0000-000000000001', 9, 442, 4, 11),
  ('b0000015-0001-0000-0000-000000000001', 10, 575, 5, 4),
  ('b0000015-0001-0000-0000-000000000001', 11, 410, 4, 8),
  ('b0000015-0001-0000-0000-000000000001', 12, 210, 3, 14),
  ('b0000015-0001-0000-0000-000000000001', 13, 378, 4, 16),
  ('b0000015-0001-0000-0000-000000000001', 14, 443, 4, 2),
  ('b0000015-0001-0000-0000-000000000001', 15, 328, 4, 18),
  ('b0000015-0001-0000-0000-000000000001', 16, 505, 4, 6),
  ('b0000015-0001-0000-0000-000000000001', 17, 223, 3, 12),
  ('b0000015-0001-0000-0000-000000000001', 18, 493, 4, 10);

-- 16. VALHALLA GOLF CLUB
INSERT INTO sb_courses (id, name, city, state, country, num_holes) VALUES
  ('a0000016-0000-0000-0000-000000000001', 'Valhalla Golf Club', 'Louisville', 'KY', 'US', 18);
INSERT INTO sb_tee_sets (id, course_id, color, name, total_yardage, total_par, rating, slope) VALUES
  ('b0000016-0001-0000-0000-000000000001', 'a0000016-0000-0000-0000-000000000001', 'Black', 'Championship', 7530, 72, 77.5, 149),
  ('b0000016-0002-0000-0000-000000000001', 'a0000016-0000-0000-0000-000000000001', 'Blue', 'Blue', 7025, 72, 74.8, 142),
  ('b0000016-0003-0000-0000-000000000001', 'a0000016-0000-0000-0000-000000000001', 'White', 'White', 6522, 72, 72.1, 135);
INSERT INTO sb_tee_holes (tee_set_id, hole_number, yardage, par, handicap_index) VALUES
  ('b0000016-0001-0000-0000-000000000001', 1, 446, 4, 9),
  ('b0000016-0001-0000-0000-000000000001', 2, 513, 4, 1),
  ('b0000016-0001-0000-0000-000000000001', 3, 207, 3, 15),
  ('b0000016-0001-0000-0000-000000000001', 4, 375, 4, 13),
  ('b0000016-0001-0000-0000-000000000001', 5, 448, 4, 5),
  ('b0000016-0001-0000-0000-000000000001', 6, 498, 4, 7),
  ('b0000016-0001-0000-0000-000000000001', 7, 597, 5, 3),
  ('b0000016-0001-0000-0000-000000000001', 8, 176, 3, 17),
  ('b0000016-0001-0000-0000-000000000001', 9, 416, 4, 11),
  ('b0000016-0001-0000-0000-000000000001', 10, 588, 5, 2),
  ('b0000016-0001-0000-0000-000000000001', 11, 209, 3, 14),
  ('b0000016-0001-0000-0000-000000000001', 12, 467, 4, 4),
  ('b0000016-0001-0000-0000-000000000001', 13, 350, 4, 16),
  ('b0000016-0001-0000-0000-000000000001', 14, 199, 3, 18),
  ('b0000016-0001-0000-0000-000000000001', 15, 434, 4, 10),
  ('b0000016-0001-0000-0000-000000000001', 16, 510, 4, 6),
  ('b0000016-0001-0000-0000-000000000001', 17, 458, 4, 8),
  ('b0000016-0001-0000-0000-000000000001', 18, 552, 5, 12);

-- 17. OAK HILL COUNTRY CLUB (East)
INSERT INTO sb_courses (id, name, city, state, country, num_holes) VALUES
  ('a0000017-0000-0000-0000-000000000001', 'Oak Hill Country Club - East Course', 'Rochester', 'NY', 'US', 18);
INSERT INTO sb_tee_sets (id, course_id, color, name, total_yardage, total_par, rating, slope) VALUES
  ('b0000017-0001-0000-0000-000000000001', 'a0000017-0000-0000-0000-000000000001', 'Black', 'Championship', 7394, 70, 77.1, 148),
  ('b0000017-0002-0000-0000-000000000001', 'a0000017-0000-0000-0000-000000000001', 'Blue', 'Blue', 6916, 70, 74.5, 141),
  ('b0000017-0003-0000-0000-000000000001', 'a0000017-0000-0000-0000-000000000001', 'White', 'White', 6436, 70, 72.0, 134);
INSERT INTO sb_tee_holes (tee_set_id, hole_number, yardage, par, handicap_index) VALUES
  ('b0000017-0001-0000-0000-000000000001', 1, 464, 4, 7),
  ('b0000017-0001-0000-0000-000000000001', 2, 401, 4, 13),
  ('b0000017-0001-0000-0000-000000000001', 3, 217, 3, 11),
  ('b0000017-0001-0000-0000-000000000001', 4, 590, 5, 1),
  ('b0000017-0001-0000-0000-000000000001', 5, 429, 4, 5),
  ('b0000017-0001-0000-0000-000000000001', 6, 181, 3, 15),
  ('b0000017-0001-0000-0000-000000000001', 7, 468, 4, 3),
  ('b0000017-0001-0000-0000-000000000001', 8, 322, 4, 17),
  ('b0000017-0001-0000-0000-000000000001', 9, 419, 4, 9),
  ('b0000017-0001-0000-0000-000000000001', 10, 428, 4, 8),
  ('b0000017-0001-0000-0000-000000000001', 11, 227, 3, 14),
  ('b0000017-0001-0000-0000-000000000001', 12, 384, 4, 10),
  ('b0000017-0001-0000-0000-000000000001', 13, 598, 5, 2),
  ('b0000017-0001-0000-0000-000000000001', 14, 340, 4, 16),
  ('b0000017-0001-0000-0000-000000000001', 15, 181, 3, 18),
  ('b0000017-0001-0000-0000-000000000001', 16, 439, 4, 4),
  ('b0000017-0001-0000-0000-000000000001', 17, 488, 4, 6),
  ('b0000017-0001-0000-0000-000000000001', 18, 480, 4, 12);

-- 18. BETHPAGE BLACK
INSERT INTO sb_courses (id, name, city, state, country, num_holes) VALUES
  ('a0000018-0000-0000-0000-000000000001', 'Bethpage State Park - Black Course', 'Farmingdale', 'NY', 'US', 18);
INSERT INTO sb_tee_sets (id, course_id, color, name, total_yardage, total_par, rating, slope) VALUES
  ('b0000018-0001-0000-0000-000000000001', 'a0000018-0000-0000-0000-000000000001', 'Black', 'Championship', 7468, 71, 77.5, 155),
  ('b0000018-0002-0000-0000-000000000001', 'a0000018-0000-0000-0000-000000000001', 'Blue', 'Blue', 6996, 71, 75.0, 148),
  ('b0000018-0003-0000-0000-000000000001', 'a0000018-0000-0000-0000-000000000001', 'White', 'White', 6529, 71, 72.6, 141);
INSERT INTO sb_tee_holes (tee_set_id, hole_number, yardage, par, handicap_index) VALUES
  ('b0000018-0001-0000-0000-000000000001', 1, 430, 4, 9),
  ('b0000018-0001-0000-0000-000000000001', 2, 389, 4, 13),
  ('b0000018-0001-0000-0000-000000000001', 3, 230, 3, 11),
  ('b0000018-0001-0000-0000-000000000001', 4, 517, 5, 3),
  ('b0000018-0001-0000-0000-000000000001', 5, 478, 4, 1),
  ('b0000018-0001-0000-0000-000000000001', 6, 408, 4, 7),
  ('b0000018-0001-0000-0000-000000000001', 7, 524, 5, 5),
  ('b0000018-0001-0000-0000-000000000001', 8, 210, 3, 15),
  ('b0000018-0001-0000-0000-000000000001', 9, 415, 4, 17),
  ('b0000018-0001-0000-0000-000000000001', 10, 492, 4, 2),
  ('b0000018-0001-0000-0000-000000000001', 11, 435, 4, 8),
  ('b0000018-0001-0000-0000-000000000001', 12, 501, 4, 4),
  ('b0000018-0001-0000-0000-000000000001', 13, 600, 5, 6),
  ('b0000018-0001-0000-0000-000000000001', 14, 161, 3, 18),
  ('b0000018-0001-0000-0000-000000000001', 15, 459, 4, 10),
  ('b0000018-0001-0000-0000-000000000001', 16, 479, 4, 14),
  ('b0000018-0001-0000-0000-000000000001', 17, 207, 3, 16),
  ('b0000018-0001-0000-0000-000000000001', 18, 411, 4, 12);

-- 19. PINEHURST NO. 2
INSERT INTO sb_courses (id, name, city, state, country, num_holes) VALUES
  ('a0000019-0000-0000-0000-000000000001', 'Pinehurst No. 2', 'Pinehurst', 'NC', 'US', 18);
INSERT INTO sb_tee_sets (id, course_id, color, name, total_yardage, total_par, rating, slope) VALUES
  ('b0000019-0001-0000-0000-000000000001', 'a0000019-0000-0000-0000-000000000001', 'Black', 'Championship', 7588, 72, 77.4, 146),
  ('b0000019-0002-0000-0000-000000000001', 'a0000019-0000-0000-0000-000000000001', 'Blue', 'Blue', 7093, 72, 74.9, 140),
  ('b0000019-0003-0000-0000-000000000001', 'a0000019-0000-0000-0000-000000000001', 'White', 'White', 6527, 72, 72.1, 133),
  ('b0000019-0004-0000-0000-000000000001', 'a0000019-0000-0000-0000-000000000001', 'Gold', 'Gold', 6050, 72, 69.6, 126);
INSERT INTO sb_tee_holes (tee_set_id, hole_number, yardage, par, handicap_index) VALUES
  ('b0000019-0001-0000-0000-000000000001', 1, 404, 4, 11),
  ('b0000019-0001-0000-0000-000000000001', 2, 502, 4, 3),
  ('b0000019-0001-0000-0000-000000000001', 3, 353, 4, 15),
  ('b0000019-0001-0000-0000-000000000001', 4, 568, 5, 7),
  ('b0000019-0001-0000-0000-000000000001', 5, 482, 4, 1),
  ('b0000019-0001-0000-0000-000000000001', 6, 222, 3, 13),
  ('b0000019-0001-0000-0000-000000000001', 7, 400, 4, 9),
  ('b0000019-0001-0000-0000-000000000001', 8, 593, 5, 5),
  ('b0000019-0001-0000-0000-000000000001', 9, 190, 3, 17),
  ('b0000019-0001-0000-0000-000000000001', 10, 613, 5, 2),
  ('b0000019-0001-0000-0000-000000000001', 11, 478, 4, 6),
  ('b0000019-0001-0000-0000-000000000001', 12, 445, 4, 8),
  ('b0000019-0001-0000-0000-000000000001', 13, 379, 4, 14),
  ('b0000019-0001-0000-0000-000000000001', 14, 494, 4, 4),
  ('b0000019-0001-0000-0000-000000000001', 15, 206, 3, 16),
  ('b0000019-0001-0000-0000-000000000001', 16, 531, 5, 10),
  ('b0000019-0001-0000-0000-000000000001', 17, 190, 3, 18),
  ('b0000019-0001-0000-0000-000000000001', 18, 446, 4, 12);

-- 20. SHINNECOCK HILLS
INSERT INTO sb_courses (id, name, city, state, country, num_holes) VALUES
  ('a0000020-0000-0000-0000-000000000001', 'Shinnecock Hills Golf Club', 'Southampton', 'NY', 'US', 18);
INSERT INTO sb_tee_sets (id, course_id, color, name, total_yardage, total_par, rating, slope) VALUES
  ('b0000020-0001-0000-0000-000000000001', 'a0000020-0000-0000-0000-000000000001', 'Black', 'Championship', 7445, 70, 76.7, 147),
  ('b0000020-0002-0000-0000-000000000001', 'a0000020-0000-0000-0000-000000000001', 'Blue', 'Blue', 6950, 70, 74.1, 140),
  ('b0000020-0003-0000-0000-000000000001', 'a0000020-0000-0000-0000-000000000001', 'White', 'White', 6435, 70, 71.5, 133);
INSERT INTO sb_tee_holes (tee_set_id, hole_number, yardage, par, handicap_index) VALUES
  ('b0000020-0001-0000-0000-000000000001', 1, 395, 4, 11),
  ('b0000020-0001-0000-0000-000000000001', 2, 226, 3, 15),
  ('b0000020-0001-0000-0000-000000000001', 3, 478, 4, 5),
  ('b0000020-0001-0000-0000-000000000001', 4, 434, 4, 7),
  ('b0000020-0001-0000-0000-000000000001', 5, 537, 5, 3),
  ('b0000020-0001-0000-0000-000000000001', 6, 474, 4, 1),
  ('b0000020-0001-0000-0000-000000000001', 7, 189, 3, 17),
  ('b0000020-0001-0000-0000-000000000001', 8, 399, 4, 9),
  ('b0000020-0001-0000-0000-000000000001', 9, 443, 4, 13),
  ('b0000020-0001-0000-0000-000000000001', 10, 409, 4, 8),
  ('b0000020-0001-0000-0000-000000000001', 11, 249, 3, 14),
  ('b0000020-0001-0000-0000-000000000001', 12, 472, 4, 2),
  ('b0000020-0001-0000-0000-000000000001', 13, 370, 4, 12),
  ('b0000020-0001-0000-0000-000000000001', 14, 557, 5, 4),
  ('b0000020-0001-0000-0000-000000000001', 15, 403, 4, 10),
  ('b0000020-0001-0000-0000-000000000001', 16, 540, 5, 6),
  ('b0000020-0001-0000-0000-000000000001', 17, 179, 3, 18),
  ('b0000020-0001-0000-0000-000000000001', 18, 450, 4, 16);

-- 21. WINGED FOOT (West)
INSERT INTO sb_courses (id, name, city, state, country, num_holes) VALUES
  ('a0000021-0000-0000-0000-000000000001', 'Winged Foot Golf Club - West Course', 'Mamaroneck', 'NY', 'US', 18);
INSERT INTO sb_tee_sets (id, course_id, color, name, total_yardage, total_par, rating, slope) VALUES
  ('b0000021-0001-0000-0000-000000000001', 'a0000021-0000-0000-0000-000000000001', 'Black', 'Championship', 7477, 72, 77.3, 150),
  ('b0000021-0002-0000-0000-000000000001', 'a0000021-0000-0000-0000-000000000001', 'Blue', 'Blue', 6972, 72, 74.6, 143),
  ('b0000021-0003-0000-0000-000000000001', 'a0000021-0000-0000-0000-000000000001', 'White', 'White', 6473, 72, 72.0, 136);
INSERT INTO sb_tee_holes (tee_set_id, hole_number, yardage, par, handicap_index) VALUES
  ('b0000021-0001-0000-0000-000000000001', 1, 460, 4, 5),
  ('b0000021-0001-0000-0000-000000000001', 2, 454, 4, 7),
  ('b0000021-0001-0000-0000-000000000001', 3, 216, 3, 13),
  ('b0000021-0001-0000-0000-000000000001', 4, 469, 4, 3),
  ('b0000021-0001-0000-0000-000000000001', 5, 515, 5, 9),
  ('b0000021-0001-0000-0000-000000000001', 6, 321, 4, 17),
  ('b0000021-0001-0000-0000-000000000001', 7, 170, 3, 15),
  ('b0000021-0001-0000-0000-000000000001', 8, 472, 4, 1),
  ('b0000021-0001-0000-0000-000000000001', 9, 514, 4, 11),
  ('b0000021-0001-0000-0000-000000000001', 10, 190, 3, 16),
  ('b0000021-0001-0000-0000-000000000001', 11, 398, 4, 12),
  ('b0000021-0001-0000-0000-000000000001', 12, 640, 5, 2),
  ('b0000021-0001-0000-0000-000000000001', 13, 214, 3, 18),
  ('b0000021-0001-0000-0000-000000000001', 14, 458, 4, 8),
  ('b0000021-0001-0000-0000-000000000001', 15, 417, 4, 10),
  ('b0000021-0001-0000-0000-000000000001', 16, 478, 4, 4),
  ('b0000021-0001-0000-0000-000000000001', 17, 449, 4, 6),
  ('b0000021-0001-0000-0000-000000000001', 18, 450, 4, 14);

-- 22. SOUTHERN HILLS CC
INSERT INTO sb_courses (id, name, city, state, country, num_holes) VALUES
  ('a0000022-0000-0000-0000-000000000001', 'Southern Hills Country Club', 'Tulsa', 'OK', 'US', 18);
INSERT INTO sb_tee_sets (id, course_id, color, name, total_yardage, total_par, rating, slope) VALUES
  ('b0000022-0001-0000-0000-000000000001', 'a0000022-0000-0000-0000-000000000001', 'Black', 'Championship', 7556, 71, 77.0, 146),
  ('b0000022-0002-0000-0000-000000000001', 'a0000022-0000-0000-0000-000000000001', 'Blue', 'Blue', 7060, 71, 74.5, 139),
  ('b0000022-0003-0000-0000-000000000001', 'a0000022-0000-0000-0000-000000000001', 'White', 'White', 6548, 71, 72.0, 132);
INSERT INTO sb_tee_holes (tee_set_id, hole_number, yardage, par, handicap_index) VALUES
  ('b0000022-0001-0000-0000-000000000001', 1, 459, 4, 7),
  ('b0000022-0001-0000-0000-000000000001', 2, 484, 4, 3),
  ('b0000022-0001-0000-0000-000000000001', 3, 420, 4, 9),
  ('b0000022-0001-0000-0000-000000000001', 4, 362, 4, 15),
  ('b0000022-0001-0000-0000-000000000001', 5, 614, 5, 1),
  ('b0000022-0001-0000-0000-000000000001', 6, 215, 3, 13),
  ('b0000022-0001-0000-0000-000000000001', 7, 389, 4, 11),
  ('b0000022-0001-0000-0000-000000000001', 8, 237, 3, 17),
  ('b0000022-0001-0000-0000-000000000001', 9, 383, 4, 5),
  ('b0000022-0001-0000-0000-000000000001', 10, 392, 4, 10),
  ('b0000022-0001-0000-0000-000000000001', 11, 176, 3, 16),
  ('b0000022-0001-0000-0000-000000000001', 12, 458, 4, 2),
  ('b0000022-0001-0000-0000-000000000001', 13, 535, 5, 6),
  ('b0000022-0001-0000-0000-000000000001', 14, 230, 3, 18),
  ('b0000022-0001-0000-0000-000000000001', 15, 399, 4, 12),
  ('b0000022-0001-0000-0000-000000000001', 16, 468, 4, 4),
  ('b0000022-0001-0000-0000-000000000001', 17, 377, 4, 14),
  ('b0000022-0001-0000-0000-000000000001', 18, 460, 4, 8);

-- 23. KIAWAH ISLAND (Ocean Course)
INSERT INTO sb_courses (id, name, city, state, country, num_holes) VALUES
  ('a0000023-0000-0000-0000-000000000001', 'Kiawah Island - Ocean Course', 'Kiawah Island', 'SC', 'US', 18);
INSERT INTO sb_tee_sets (id, course_id, color, name, total_yardage, total_par, rating, slope) VALUES
  ('b0000023-0001-0000-0000-000000000001', 'a0000023-0000-0000-0000-000000000001', 'Black', 'Championship', 7876, 72, 79.6, 155),
  ('b0000023-0002-0000-0000-000000000001', 'a0000023-0000-0000-0000-000000000001', 'Blue', 'Blue', 7356, 72, 76.8, 148),
  ('b0000023-0003-0000-0000-000000000001', 'a0000023-0000-0000-0000-000000000001', 'White', 'White', 6810, 72, 73.9, 140),
  ('b0000023-0004-0000-0000-000000000001', 'a0000023-0000-0000-0000-000000000001', 'Red', 'Red', 5327, 72, 71.4, 131);
INSERT INTO sb_tee_holes (tee_set_id, hole_number, yardage, par, handicap_index) VALUES
  ('b0000023-0001-0000-0000-000000000001', 1, 395, 4, 13),
  ('b0000023-0001-0000-0000-000000000001', 2, 543, 5, 5),
  ('b0000023-0001-0000-0000-000000000001', 3, 390, 4, 11),
  ('b0000023-0001-0000-0000-000000000001', 4, 453, 4, 3),
  ('b0000023-0001-0000-0000-000000000001', 5, 207, 3, 17),
  ('b0000023-0001-0000-0000-000000000001', 6, 455, 4, 7),
  ('b0000023-0001-0000-0000-000000000001', 7, 527, 5, 1),
  ('b0000023-0001-0000-0000-000000000001', 8, 197, 3, 15),
  ('b0000023-0001-0000-0000-000000000001', 9, 464, 4, 9),
  ('b0000023-0001-0000-0000-000000000001', 10, 439, 4, 6),
  ('b0000023-0001-0000-0000-000000000001', 11, 562, 5, 2),
  ('b0000023-0001-0000-0000-000000000001', 12, 466, 4, 4),
  ('b0000023-0001-0000-0000-000000000001', 13, 404, 4, 14),
  ('b0000023-0001-0000-0000-000000000001', 14, 212, 3, 16),
  ('b0000023-0001-0000-0000-000000000001', 15, 421, 4, 10),
  ('b0000023-0001-0000-0000-000000000001', 16, 579, 5, 8),
  ('b0000023-0001-0000-0000-000000000001', 17, 221, 3, 18),
  ('b0000023-0001-0000-0000-000000000001', 18, 439, 4, 12);

-- 24. TORREY PINES NORTH
INSERT INTO sb_courses (id, name, city, state, country, num_holes) VALUES
  ('a0000024-0000-0000-0000-000000000001', 'Torrey Pines Golf Course - North', 'La Jolla', 'CA', 'US', 18);
INSERT INTO sb_tee_sets (id, course_id, color, name, total_yardage, total_par, rating, slope) VALUES
  ('b0000024-0001-0000-0000-000000000001', 'a0000024-0000-0000-0000-000000000001', 'Black', 'Championship', 7258, 72, 75.8, 137),
  ('b0000024-0002-0000-0000-000000000001', 'a0000024-0000-0000-0000-000000000001', 'Blue', 'Blue', 6717, 72, 73.1, 131),
  ('b0000024-0003-0000-0000-000000000001', 'a0000024-0000-0000-0000-000000000001', 'White', 'White', 6229, 72, 70.5, 125);
INSERT INTO sb_tee_holes (tee_set_id, hole_number, yardage, par, handicap_index) VALUES
  ('b0000024-0001-0000-0000-000000000001', 1, 417, 4, 11),
  ('b0000024-0001-0000-0000-000000000001', 2, 390, 4, 9),
  ('b0000024-0001-0000-0000-000000000001', 3, 195, 3, 15),
  ('b0000024-0001-0000-0000-000000000001', 4, 459, 4, 1),
  ('b0000024-0001-0000-0000-000000000001', 5, 455, 4, 5),
  ('b0000024-0001-0000-0000-000000000001', 6, 577, 5, 7),
  ('b0000024-0001-0000-0000-000000000001', 7, 434, 4, 3),
  ('b0000024-0001-0000-0000-000000000001', 8, 174, 3, 17),
  ('b0000024-0001-0000-0000-000000000001', 9, 530, 5, 13),
  ('b0000024-0001-0000-0000-000000000001', 10, 192, 3, 16),
  ('b0000024-0001-0000-0000-000000000001', 11, 412, 4, 8),
  ('b0000024-0001-0000-0000-000000000001', 12, 474, 4, 2),
  ('b0000024-0001-0000-0000-000000000001', 13, 541, 5, 6),
  ('b0000024-0001-0000-0000-000000000001', 14, 420, 4, 10),
  ('b0000024-0001-0000-0000-000000000001', 15, 376, 4, 14),
  ('b0000024-0001-0000-0000-000000000001', 16, 177, 3, 18),
  ('b0000024-0001-0000-0000-000000000001', 17, 455, 4, 4),
  ('b0000024-0001-0000-0000-000000000001', 18, 532, 5, 12);

-- 25. TPC TWIN CITIES
INSERT INTO sb_courses (id, name, city, state, country, num_holes) VALUES
  ('a0000025-0000-0000-0000-000000000001', 'TPC Twin Cities', 'Blaine', 'MN', 'US', 18);
INSERT INTO sb_tee_sets (id, course_id, color, name, total_yardage, total_par, rating, slope) VALUES
  ('b0000025-0001-0000-0000-000000000001', 'a0000025-0000-0000-0000-000000000001', 'Black', 'Championship', 7431, 72, 76.1, 142),
  ('b0000025-0002-0000-0000-000000000001', 'a0000025-0000-0000-0000-000000000001', 'Blue', 'Blue', 6955, 72, 73.7, 136),
  ('b0000025-0003-0000-0000-000000000001', 'a0000025-0000-0000-0000-000000000001', 'White', 'White', 6467, 72, 71.3, 130);
INSERT INTO sb_tee_holes (tee_set_id, hole_number, yardage, par, handicap_index) VALUES
  ('b0000025-0001-0000-0000-000000000001', 1, 413, 4, 9), ('b0000025-0001-0000-0000-000000000001', 2, 560, 5, 5),
  ('b0000025-0001-0000-0000-000000000001', 3, 196, 3, 15), ('b0000025-0001-0000-0000-000000000001', 4, 461, 4, 3),
  ('b0000025-0001-0000-0000-000000000001', 5, 417, 4, 11), ('b0000025-0001-0000-0000-000000000001', 6, 559, 5, 1),
  ('b0000025-0001-0000-0000-000000000001', 7, 399, 4, 13), ('b0000025-0001-0000-0000-000000000001', 8, 193, 3, 17),
  ('b0000025-0001-0000-0000-000000000001', 9, 434, 4, 7), ('b0000025-0001-0000-0000-000000000001', 10, 426, 4, 4),
  ('b0000025-0001-0000-0000-000000000001', 11, 597, 5, 2), ('b0000025-0001-0000-0000-000000000001', 12, 178, 3, 16),
  ('b0000025-0001-0000-0000-000000000001', 13, 369, 4, 14), ('b0000025-0001-0000-0000-000000000001', 14, 408, 4, 10),
  ('b0000025-0001-0000-0000-000000000001', 15, 222, 3, 18), ('b0000025-0001-0000-0000-000000000001', 16, 521, 5, 6),
  ('b0000025-0001-0000-0000-000000000001', 17, 440, 4, 8), ('b0000025-0001-0000-0000-000000000001', 18, 475, 4, 12);

-- 26. SEDGEFIELD CC
INSERT INTO sb_courses (id, name, city, state, country, num_holes) VALUES
  ('a0000026-0000-0000-0000-000000000001', 'Sedgefield Country Club', 'Greensboro', 'NC', 'US', 18);
INSERT INTO sb_tee_sets (id, course_id, color, name, total_yardage, total_par, rating, slope) VALUES
  ('b0000026-0001-0000-0000-000000000001', 'a0000026-0000-0000-0000-000000000001', 'Black', 'Championship', 7131, 70, 74.4, 138),
  ('b0000026-0002-0000-0000-000000000001', 'a0000026-0000-0000-0000-000000000001', 'Blue', 'Blue', 6681, 70, 72.2, 132),
  ('b0000026-0003-0000-0000-000000000001', 'a0000026-0000-0000-0000-000000000001', 'White', 'White', 6215, 70, 70.0, 126);
INSERT INTO sb_tee_holes (tee_set_id, hole_number, yardage, par, handicap_index) VALUES
  ('b0000026-0001-0000-0000-000000000001', 1, 372, 4, 11), ('b0000026-0001-0000-0000-000000000001', 2, 522, 5, 3),
  ('b0000026-0001-0000-0000-000000000001', 3, 181, 3, 15), ('b0000026-0001-0000-0000-000000000001', 4, 437, 4, 7),
  ('b0000026-0001-0000-0000-000000000001', 5, 406, 4, 9), ('b0000026-0001-0000-0000-000000000001', 6, 467, 4, 1),
  ('b0000026-0001-0000-0000-000000000001', 7, 399, 4, 5), ('b0000026-0001-0000-0000-000000000001', 8, 193, 3, 17),
  ('b0000026-0001-0000-0000-000000000001', 9, 375, 4, 13), ('b0000026-0001-0000-0000-000000000001', 10, 421, 4, 4),
  ('b0000026-0001-0000-0000-000000000001', 11, 379, 4, 10), ('b0000026-0001-0000-0000-000000000001', 12, 211, 3, 16),
  ('b0000026-0001-0000-0000-000000000001', 13, 388, 4, 8), ('b0000026-0001-0000-0000-000000000001', 14, 463, 4, 2),
  ('b0000026-0001-0000-0000-000000000001', 15, 517, 5, 6), ('b0000026-0001-0000-0000-000000000001', 16, 191, 3, 18),
  ('b0000026-0001-0000-0000-000000000001', 17, 409, 4, 14), ('b0000026-0001-0000-0000-000000000001', 18, 387, 4, 12);

-- 27. DETROIT GOLF CLUB
INSERT INTO sb_courses (id, name, city, state, country, num_holes) VALUES
  ('a0000027-0000-0000-0000-000000000001', 'Detroit Golf Club', 'Detroit', 'MI', 'US', 18);
INSERT INTO sb_tee_sets (id, course_id, color, name, total_yardage, total_par, rating, slope) VALUES
  ('b0000027-0001-0000-0000-000000000001', 'a0000027-0000-0000-0000-000000000001', 'Black', 'Championship', 7370, 72, 75.5, 137),
  ('b0000027-0002-0000-0000-000000000001', 'a0000027-0000-0000-0000-000000000001', 'Blue', 'Blue', 6892, 72, 73.2, 132),
  ('b0000027-0003-0000-0000-000000000001', 'a0000027-0000-0000-0000-000000000001', 'White', 'White', 6405, 72, 71.0, 127);
INSERT INTO sb_tee_holes (tee_set_id, hole_number, yardage, par, handicap_index) VALUES
  ('b0000027-0001-0000-0000-000000000001', 1, 414, 4, 9), ('b0000027-0001-0000-0000-000000000001', 2, 540, 5, 3),
  ('b0000027-0001-0000-0000-000000000001', 3, 389, 4, 11), ('b0000027-0001-0000-0000-000000000001', 4, 453, 4, 5),
  ('b0000027-0001-0000-0000-000000000001', 5, 189, 3, 15), ('b0000027-0001-0000-0000-000000000001', 6, 430, 4, 7),
  ('b0000027-0001-0000-0000-000000000001', 7, 562, 5, 1), ('b0000027-0001-0000-0000-000000000001', 8, 214, 3, 17),
  ('b0000027-0001-0000-0000-000000000001', 9, 438, 4, 13), ('b0000027-0001-0000-0000-000000000001', 10, 406, 4, 8),
  ('b0000027-0001-0000-0000-000000000001', 11, 441, 4, 4), ('b0000027-0001-0000-0000-000000000001', 12, 573, 5, 2),
  ('b0000027-0001-0000-0000-000000000001', 13, 179, 3, 16), ('b0000027-0001-0000-0000-000000000001', 14, 458, 4, 6),
  ('b0000027-0001-0000-0000-000000000001', 15, 376, 4, 14), ('b0000027-0001-0000-0000-000000000001', 16, 407, 4, 10),
  ('b0000027-0001-0000-0000-000000000001', 17, 202, 3, 18), ('b0000027-0001-0000-0000-000000000001', 18, 503, 5, 12);

-- 28. TPC CRAIG RANCH
INSERT INTO sb_courses (id, name, city, state, country, num_holes) VALUES
  ('a0000028-0000-0000-0000-000000000001', 'TPC Craig Ranch', 'McKinney', 'TX', 'US', 18);
INSERT INTO sb_tee_sets (id, course_id, color, name, total_yardage, total_par, rating, slope) VALUES
  ('b0000028-0001-0000-0000-000000000001', 'a0000028-0000-0000-0000-000000000001', 'Black', 'Championship', 7468, 72, 76.5, 140),
  ('b0000028-0002-0000-0000-000000000001', 'a0000028-0000-0000-0000-000000000001', 'Blue', 'Blue', 6982, 72, 74.0, 134),
  ('b0000028-0003-0000-0000-000000000001', 'a0000028-0000-0000-0000-000000000001', 'White', 'White', 6491, 72, 71.5, 128);
INSERT INTO sb_tee_holes (tee_set_id, hole_number, yardage, par, handicap_index) VALUES
  ('b0000028-0001-0000-0000-000000000001', 1, 429, 4, 7), ('b0000028-0001-0000-0000-000000000001', 2, 562, 5, 3),
  ('b0000028-0001-0000-0000-000000000001', 3, 213, 3, 15), ('b0000028-0001-0000-0000-000000000001', 4, 476, 4, 1),
  ('b0000028-0001-0000-0000-000000000001', 5, 393, 4, 11), ('b0000028-0001-0000-0000-000000000001', 6, 430, 4, 9),
  ('b0000028-0001-0000-0000-000000000001', 7, 166, 3, 17), ('b0000028-0001-0000-0000-000000000001', 8, 456, 4, 5),
  ('b0000028-0001-0000-0000-000000000001', 9, 547, 5, 13), ('b0000028-0001-0000-0000-000000000001', 10, 438, 4, 4),
  ('b0000028-0001-0000-0000-000000000001', 11, 455, 4, 6), ('b0000028-0001-0000-0000-000000000001', 12, 192, 3, 16),
  ('b0000028-0001-0000-0000-000000000001', 13, 580, 5, 2), ('b0000028-0001-0000-0000-000000000001', 14, 441, 4, 8),
  ('b0000028-0001-0000-0000-000000000001', 15, 231, 3, 18), ('b0000028-0001-0000-0000-000000000001', 16, 410, 4, 14),
  ('b0000028-0001-0000-0000-000000000001', 17, 458, 4, 10), ('b0000028-0001-0000-0000-000000000001', 18, 560, 5, 12);

-- 29. OLYMPIA FIELDS (North)
INSERT INTO sb_courses (id, name, city, state, country, num_holes) VALUES
  ('a0000029-0000-0000-0000-000000000001', 'Olympia Fields Country Club - North', 'Olympia Fields', 'IL', 'US', 18);
INSERT INTO sb_tee_sets (id, course_id, color, name, total_yardage, total_par, rating, slope) VALUES
  ('b0000029-0001-0000-0000-000000000001', 'a0000029-0000-0000-0000-000000000001', 'Black', 'Championship', 7366, 70, 76.6, 147),
  ('b0000029-0002-0000-0000-000000000001', 'a0000029-0000-0000-0000-000000000001', 'Blue', 'Blue', 6892, 70, 74.1, 140),
  ('b0000029-0003-0000-0000-000000000001', 'a0000029-0000-0000-0000-000000000001', 'White', 'White', 6412, 70, 71.7, 133);
INSERT INTO sb_tee_holes (tee_set_id, hole_number, yardage, par, handicap_index) VALUES
  ('b0000029-0001-0000-0000-000000000001', 1, 440, 4, 5), ('b0000029-0001-0000-0000-000000000001', 2, 420, 4, 7),
  ('b0000029-0001-0000-0000-000000000001', 3, 204, 3, 13), ('b0000029-0001-0000-0000-000000000001', 4, 432, 4, 3),
  ('b0000029-0001-0000-0000-000000000001', 5, 397, 4, 11), ('b0000029-0001-0000-0000-000000000001', 6, 189, 3, 17),
  ('b0000029-0001-0000-0000-000000000001', 7, 422, 4, 9), ('b0000029-0001-0000-0000-000000000001', 8, 553, 5, 1),
  ('b0000029-0001-0000-0000-000000000001', 9, 396, 4, 15), ('b0000029-0001-0000-0000-000000000001', 10, 439, 4, 4),
  ('b0000029-0001-0000-0000-000000000001', 11, 413, 4, 8), ('b0000029-0001-0000-0000-000000000001', 12, 204, 3, 16),
  ('b0000029-0001-0000-0000-000000000001', 13, 447, 4, 2), ('b0000029-0001-0000-0000-000000000001', 14, 576, 5, 6),
  ('b0000029-0001-0000-0000-000000000001', 15, 386, 4, 14), ('b0000029-0001-0000-0000-000000000001', 16, 191, 3, 18),
  ('b0000029-0001-0000-0000-000000000001', 17, 443, 4, 10), ('b0000029-0001-0000-0000-000000000001', 18, 483, 4, 12);

-- 30. TPC SUMMERLIN
INSERT INTO sb_courses (id, name, city, state, country, num_holes) VALUES
  ('a0000030-0000-0000-0000-000000000001', 'TPC Summerlin', 'Las Vegas', 'NV', 'US', 18);
INSERT INTO sb_tee_sets (id, course_id, color, name, total_yardage, total_par, rating, slope) VALUES
  ('b0000030-0001-0000-0000-000000000001', 'a0000030-0000-0000-0000-000000000001', 'Black', 'Championship', 7255, 71, 74.2, 131),
  ('b0000030-0002-0000-0000-000000000001', 'a0000030-0000-0000-0000-000000000001', 'Blue', 'Blue', 6795, 71, 72.0, 126),
  ('b0000030-0003-0000-0000-000000000001', 'a0000030-0000-0000-0000-000000000001', 'White', 'White', 6305, 71, 69.8, 121);
INSERT INTO sb_tee_holes (tee_set_id, hole_number, yardage, par, handicap_index) VALUES
  ('b0000030-0001-0000-0000-000000000001', 1, 453, 4, 7), ('b0000030-0001-0000-0000-000000000001', 2, 399, 4, 11),
  ('b0000030-0001-0000-0000-000000000001', 3, 538, 5, 3), ('b0000030-0001-0000-0000-000000000001', 4, 173, 3, 15),
  ('b0000030-0001-0000-0000-000000000001', 5, 510, 5, 1), ('b0000030-0001-0000-0000-000000000001', 6, 374, 4, 13),
  ('b0000030-0001-0000-0000-000000000001', 7, 427, 4, 5), ('b0000030-0001-0000-0000-000000000001', 8, 178, 3, 17),
  ('b0000030-0001-0000-0000-000000000001', 9, 482, 4, 9), ('b0000030-0001-0000-0000-000000000001', 10, 419, 4, 6),
  ('b0000030-0001-0000-0000-000000000001', 11, 467, 4, 2), ('b0000030-0001-0000-0000-000000000001', 12, 406, 4, 10),
  ('b0000030-0001-0000-0000-000000000001', 13, 180, 3, 16), ('b0000030-0001-0000-0000-000000000001', 14, 396, 4, 14),
  ('b0000030-0001-0000-0000-000000000001', 15, 543, 5, 4), ('b0000030-0001-0000-0000-000000000001', 16, 440, 4, 8),
  ('b0000030-0001-0000-0000-000000000001', 17, 200, 3, 18), ('b0000030-0001-0000-0000-000000000001', 18, 453, 4, 12);

-- ============================================
-- ACC SCHOOL HOME COURSES
-- ============================================

-- 31. DUKE UNIVERSITY GOLF CLUB
INSERT INTO sb_courses (id, name, city, state, country, num_holes) VALUES
  ('a0000031-0000-0000-0000-000000000001', 'Duke University Golf Club', 'Durham', 'NC', 'US', 18);
INSERT INTO sb_tee_sets (id, course_id, color, name, total_yardage, total_par, rating, slope) VALUES
  ('b0000031-0001-0000-0000-000000000001', 'a0000031-0000-0000-0000-000000000001', 'Blue', 'Championship', 7045, 72, 74.0, 137),
  ('b0000031-0002-0000-0000-000000000001', 'a0000031-0000-0000-0000-000000000001', 'White', 'White', 6436, 72, 71.3, 130),
  ('b0000031-0003-0000-0000-000000000001', 'a0000031-0000-0000-0000-000000000001', 'Red', 'Red', 5322, 72, 71.2, 126);
INSERT INTO sb_tee_holes (tee_set_id, hole_number, yardage, par, handicap_index) VALUES
  ('b0000031-0001-0000-0000-000000000001', 1, 422, 4, 7), ('b0000031-0001-0000-0000-000000000001', 2, 544, 5, 5),
  ('b0000031-0001-0000-0000-000000000001', 3, 193, 3, 15), ('b0000031-0001-0000-0000-000000000001', 4, 442, 4, 1),
  ('b0000031-0001-0000-0000-000000000001', 5, 395, 4, 11), ('b0000031-0001-0000-0000-000000000001', 6, 412, 4, 3),
  ('b0000031-0001-0000-0000-000000000001', 7, 178, 3, 17), ('b0000031-0001-0000-0000-000000000001', 8, 537, 5, 9),
  ('b0000031-0001-0000-0000-000000000001', 9, 367, 4, 13), ('b0000031-0001-0000-0000-000000000001', 10, 413, 4, 6),
  ('b0000031-0001-0000-0000-000000000001', 11, 379, 4, 10), ('b0000031-0001-0000-0000-000000000001', 12, 518, 5, 2),
  ('b0000031-0001-0000-0000-000000000001', 13, 195, 3, 14), ('b0000031-0001-0000-0000-000000000001', 14, 381, 4, 12),
  ('b0000031-0001-0000-0000-000000000001', 15, 167, 3, 18), ('b0000031-0001-0000-0000-000000000001', 16, 451, 4, 4),
  ('b0000031-0001-0000-0000-000000000001', 17, 418, 4, 8), ('b0000031-0001-0000-0000-000000000001', 18, 528, 5, 16);

-- 32. DON VELLER SEMINOLE GC (FSU)
INSERT INTO sb_courses (id, name, city, state, country, num_holes) VALUES
  ('a0000032-0000-0000-0000-000